industry_category,stock_id,stock_name,type,date
文化創意業,3687,歐買尬,tpex,2020-06-03
電子零組件業,5481,新華,tpex,2020-06-03
電腦及週邊設備業,5450,寶聯通,tpex,2020-06-03
光電業,3629,地心引力,tpex,2020-06-03
其他電子類,6238,勝麗,tpex,2020-06-13
上櫃指數股票型基金(ETF),00835B,第一金科技債10+,tpex,2020-06-24
上櫃指數股票型基金(ETF),00837B,永豐15年金融債,tpex,2020-07-02
上櫃指數股票型基金(ETF),00798B,國泰中企A級債7+,tpex,2020-07-16
生技醫療業,6497,亞獅康-KY,tpex,2020-08-27
電子零組件業,5349,先豐,tpex,2020-10-31
所有證券,710499,網家國泰9B購01,tpex,2020-11-15
所有證券,710502,泰博元大9B購01,tpex,2020-11-15
所有證券,73193P,神盾元大9B售04,tpex,2020-11-15
所有證券,710505,泰博富邦9B購01,tpex,2020-11-15
所有證券,710509,建榮凱基9B購01,tpex,2020-11-15
所有證券,710510,群聯凱基9B購03,tpex,2020-11-15
所有證券,711141,胡連凱基9B購01,tpex,2020-11-15
所有證券,710516,宇峻永豐9B購01,tpex,2020-11-15
所有證券,711140,旺矽凱基9B購01,tpex,2020-11-15
所有證券,710533,鈊象元大9B購04,tpex,2020-11-15
所有證券,710534,鈺太元大9B購01,tpex,2020-11-15
所有證券,710553,穩懋統一9B購03,tpex,2020-11-15
所有證券,711127,頎邦元大9B購03,tpex,2020-11-15
所有證券,711126,聯亞元大9B購05,tpex,2020-11-15
所有證券,710566,碩禾元大9B購01,tpex,2020-11-15
所有證券,710569,中美晶富邦9B購04,tpex,2020-11-15
所有證券,711145,環球晶國票9B購02,tpex,2020-11-15
所有證券,711139,中美晶凱基9B購02,tpex,2020-11-15
所有證券,711137,胡連群益9B購01,tpex,2020-11-15
所有證券,711135,元太群益9B購01,tpex,2020-11-15
所有證券,711134,中美晶群益9B購03,tpex,2020-11-15
所有證券,711133,寶雅永豐9B購01,tpex,2020-11-15
所有證券,711132,僑威永豐9B購01,tpex,2020-11-15
所有證券,710575,環球晶中信9B購01,tpex,2020-11-15
所有證券,710590,鈺太凱基9B購01,tpex,2020-11-15
所有證券,711131,胡連永豐9B購01,tpex,2020-11-15
所有證券,710561,威剛元大9B購02,tpex,2020-11-15
所有證券,710560,宏捷科元大9B購02,tpex,2020-11-15
所有證券,73107P,原相國票9B售02,tpex,2020-11-15
所有證券,709994,中美晶元大9B購01,tpex,2020-11-15
所有證券,709985,大江富邦9B購02,tpex,2020-11-15
所有證券,709983,群聯日盛9B購01,tpex,2020-11-15
所有證券,709972,旺矽元大9B購01,tpex,2020-11-15
所有證券,708785,信驊中信9B購01,tpex,2020-11-15
所有證券,709403,雙美國票9B購01,tpex,2020-11-15
所有證券,709966,金居群益9B購01,tpex,2020-11-15
其他,8934,衡平,tpex,2020-11-20
電腦及週邊設備業,5304,鼎創達,tpex,2020-11-22
上櫃指數股票型基金(ETF),00833B,第一金美債20+,tpex,2020-12-03
上櫃指數股票型基金(ETF),00854B,富邦全球保險債,tpex,2020-12-04
上櫃指數股票型基金(ETF),00855B,富邦全球能源債,tpex,2020-12-04
其他電子類,6438,迅得,tpex,2021-01-21
上櫃指數股票型基金(ETF),00874B,凱基BBB公司債15+,tpex,2021-02-23
上櫃指數股票型基金(ETF),00873B,凱基新興債1-5,tpex,2021-02-23
上櫃指數股票型基金(ETF),00871B,元大中國政金債,tpex,2021-03-03
上櫃指數股票型基金(ETF),00868B,FT1-3年美公債,tpex,2021-05-14
其他電子類,6275,元山,tpex,2021-06-12
半導體業,3219,倚強股份,tpex,2021-06-12
文化創意業,8489,三貝德,tpex,2021-06-12
塑膠工業,8354,冠好,tpex,2021-06-12
航運業,5604,中連貨,tpex,2021-06-12
光電業,3685,元創精密,tpex,2021-06-12
指數投資證券(ETN),020017,永豐富櫃200N,tpex,2021-06-12
電子零組件業,3313,斐成,tpex,2021-06-12
電子零組件業,5345,天揚,tpex,2021-06-12
化學工業,6506,雙邦,tpex,2021-06-12
上櫃指數股票型基金(ETF),00839B,凱基醫療保健債,tpex,2021-08-05
上櫃指數股票型基金(ETF),00869B,FT10-25年公司債,tpex,2021-08-19
上櫃指數股票型基金(ETF),00832B,新光美債20+,tpex,2021-09-11
生技醫療業,4152,台微體,tpex,2021-10-02
上櫃指數股票型基金(ETF),00880B,第一金電信債15+,tpex,2021-10-08
上櫃指數股票型基金(ETF),00879B,第一金美債0-1,tpex,2021-10-08
上櫃指數股票型基金(ETF),00872B,凱基美債1-3,tpex,2021-10-08
觀光事業,2928,紅馬-KY,tpex,2021-10-16
電子零組件業,3144,新揚科,tpex,2021-12-16
文化創意業,4803,VHQ-KY,tpex,2021-12-18
指數投資證券(ETN),020021,統一恒生科技N,tpex,2022-03-18
生技醫療業,8406,金可-KY,tpex,2022-04-23
指數投資證券(ETN),020003,統一漲升股利150N,tpex,2022-04-30
指數投資證券(ETN),020009,群益A50綠碳N,tpex,2022-04-30
紡織纖維,4429,聚紡,tpex,2022-05-27
上櫃指數股票型基金(ETF),00838B,永豐7-10年中國債,tpex,2022-06-02
電子零組件業,8080,永利聯合,tpex,2022-06-03
電子零組件業,3512,皇龍,tpex,2022-06-03
電子零組件業,5321,美而快,tpex,2022-06-03
資訊服務業,5209,新鼎,tpex,2022-06-03
上櫃指數股票型基金(ETF),00889B,凱基ESG新興債15+,tpex,2022-06-24
橡膠工業,5102,富強,tpex,2022-07-09
上櫃指數股票型基金(ETF),00843B,台新中國政策債,tpex,2022-07-22
上櫃指數股票型基金(ETF),00796B,中信中國債7-10,tpex,2022-08-27
指數投資證券(ETN),020010,永昌富櫃200N,tpex,2022-09-30
金融業,5820,日盛金,tpex,2022-11-03
其他電子類,3642,駿熠電,tpex,2022-11-19
上櫃指數股票型基金(ETF),00745B,富邦中政債0-1,tpex,2022-12-11
指數投資證券(ETN),02003L,永豐富櫃200正2N,tpex,2022-12-24
指數投資證券(ETN),020013,元富亞洲高股息N,tpex,2022-12-24
上櫃指數股票型基金(ETF),00747B,FH中國政策債,tpex,2022-12-28
指數投資證券(ETN),020014,元大富櫃200N,tpex,2022-12-30
其他電子類,6247,淇譽電,tpex,2023-02-04
上櫃指數股票型基金(ETF),00748B,凱基中國債3-10,tpex,2023-02-22
半導體業,6594,展匯科,tpex,2023-03-25
上櫃指數股票型基金(ETF),00765B,群益中國政金債,tpex,2023-06-01
食品工業,1258,其祥-KY,tpex,2023-06-03
觀光事業,5301,寶得利,tpex,2023-06-29
觀光事業,2726,雅茗-KY,tpex,2023-06-29
貿易百貨,2916,滿心,tpex,2023-06-29
觀光事業,5703,亞都,tpex,2023-06-29
電子商務業,5321,美而快,tpex,2023-06-29
電子商務業,3085,新零售,tpex,2023-06-29
貿易百貨,2937,集雅社,tpex,2023-06-29
觀光事業,3522,御頂,tpex,2023-06-29
電子商務業,5278,尚凡,tpex,2023-06-29
觀光事業,2724,富驛-KY,tpex,2023-06-29
貿易百貨,8433,弘帆,tpex,2023-06-29
貿易百貨,6195,詩肯,tpex,2023-06-29
觀光事業,5704,老爺知,tpex,2023-06-29
電子商務業,8477,創業家,tpex,2023-06-29
電子商務業,6763,綠界科技,tpex,2023-06-29
觀光事業,2719,燦星旅,tpex,2023-06-29
電子商務業,5287,數字,tpex,2023-06-29
觀光事業,2718,晶悅,tpex,2023-06-29
貿易百貨,2924,宏太-KY,tpex,2023-06-29
貿易百貨,9960,邁達康,tpex,2023-06-29
觀光事業,2729,瓦城,tpex,2023-06-29
觀光事業,2743,山富,tpex,2023-06-29
貿易百貨,3171,新洲,tpex,2023-06-29
貿易百貨,5903,全家,tpex,2023-06-29
貿易百貨,5902,德記,tpex,2023-06-29
觀光事業,2756,聯發國際,tpex,2023-06-29
觀光事業,2745,五福,tpex,2023-06-29
貿易百貨,5904,寶雅,tpex,2023-06-29
電子商務業,8044,網家,tpex,2023-06-29
觀光事業,2755,揚秦,tpex,2023-06-29
觀光事業,3252,海灣,tpex,2023-06-29
觀光事業,2754,亞洲藏壽司,tpex,2023-06-29
觀光事業,2752,豆府,tpex,2023-06-29
觀光事業,1259,安心,tpex,2023-06-29
觀光事業,1268,漢來美食,tpex,2023-06-29
貿易百貨,8066,來思達,tpex,2023-06-29
電子商務業,8472,夠麻吉,tpex,2023-06-29
電子商務業,6741,91APP*-KY,tpex,2023-06-29
觀光事業,4804,大略-KY,tpex,2023-06-29
觀光事業,5701,劍湖山,tpex,2023-06-29
觀光事業,2732,六角,tpex,2023-06-29
觀光事業,2734,易飛網,tpex,2023-06-29
觀光事業,2736,富野,tpex,2023-06-29
觀光事業,5364,力麗店,tpex,2023-06-29
貿易百貨,5905,南仁湖,tpex,2023-06-29
電子商務業,3687,歐買尬,tpex,2023-06-29
貿易百貨,2947,振宇五金,tpex,2023-06-29
觀光事業,8077,洛碁,tpex,2023-06-29
觀光事業,2740,天蔥,tpex,2023-06-29
貿易百貨,6728,上洋,tpex,2023-06-29
貿易百貨,8941,關中,tpex,2023-06-29
資訊服務業,6690,安碁資訊,tpex,2023-07-05
其他電子類,5205,中茂,tpex,2023-07-05
其他,8440,綠電,tpex,2023-07-05
其他電子類,3551,世禾,tpex,2023-07-05
其他,8423,保綠-KY,tpex,2023-07-05
其他,6616,特昇-KY,tpex,2023-07-05
其他,6624,萬年清,tpex,2023-07-05
生技醫療業,1593,祺驊,tpex,2023-07-05
其他,6629,泰金-KY,tpex,2023-07-05
電腦及週邊設備業,6123,上奇,tpex,2023-07-05
光電業,3713,新晶投控,tpex,2023-07-05
電機機械,3178,公準,tpex,2023-07-05
光電業,8087,華鎂鑫,tpex,2023-07-05
生技醫療業,4154,樂威科-KY,tpex,2023-07-05
資訊服務業,6811,宏碁資訊,tpex,2023-07-05
其他,8933,愛地雅,tpex,2023-07-05
其他,8928,鉅明,tpex,2023-07-05
其他,2640,大車隊,tpex,2023-07-05
其他,6804,明係,tpex,2023-07-05
其他,8924,大田,tpex,2023-07-05
觀光餐旅,2718,晶悅,tpex,2023-07-05
通信網路業,8171,天宇,tpex,2023-07-05
化學工業,4702,中美實,tpex,2023-07-05
電器電纜,4609,唐鋒,tpex,2023-07-05
電機機械,4530,宏易,tpex,2023-07-05
半導體業,3073,天方能源,tpex,2023-07-05
其他,8390,金益鼎,tpex,2023-07-05
其他,8420,明揚,tpex,2023-07-05
其他,8476,台境,tpex,2023-07-05
其他,6803,崑鼎,tpex,2023-07-05
其他,8938,明安,tpex,2023-07-05
其他,8916A,光隆甲特,tpex,2023-07-21
電子零組件業,3089,億杰,tpex,2023-07-22
生技醫療業,4129A,聯合甲特,tpex,2023-08-10
光電業,4944,兆遠,tpex,2023-10-27
光電業,5281,大峽谷-KY,tpex,2023-10-27
綠能環保類,8476,台境,tpex,2023-11-02
上櫃指數股票型基金(ETF),00744B,國泰中國政金債5+,tpex,2023-11-22
資訊服務業,6404,通訊-KY,tpex,2023-11-24
指數投資證券(ETN),02002L,兆豐富櫃200正二N,tpex,2023-12-16
指數投資證券(ETN),020024,兆豐富櫃200N,tpex,2023-12-16
其他,8418,捷必勝-KY,tpex,2024-01-27
食品工業,4712,南璋,tpex,2024-02-08
其他電子類,5383,金利,tpex,2024-05-25
半導體業,6198,瑞築,tpex,2024-06-05
光電業,5432,新門,tpex,2024-06-05
電子零組件業,8091,翔名,tpex,2024-06-05
資訊服務業,6865,偉康科技,tpex,2024-06-05
電子零組件業,3465,進泰電子,tpex,2024-06-05
紡織纖維,4419,元勝,tpex,2024-06-05
指數投資證券(ETN),020026,兆豐上櫃ESG電菁N,tpex,2024-06-22
上櫃指數股票型基金(ETF),00831B,新光美債1-3,tpex,2024-07-20
通信網路業,6514,芮特-KY,tpex,2024-10-11
上櫃指數股票型基金(ETF),00721B,元大中國債3-5,tpex,2024-10-16
運動休閒類,8420,明揚,tpex,2024-11-23
半導體業,6457,紘康,tpex,2024-12-28
上櫃指數股票型基金(ETF),00857B,永豐20年美公債,tpex,2024-12-30
上櫃指數股票型基金(ETF),00863B,中信全球電信債,tpex,2024-12-30
上櫃指數股票型基金(ETF),00862B,中信投資級公司債,tpex,2024-12-30
上櫃指數股票型基金(ETF),00853B,統一美債10年Aa-A,tpex,2024-12-30
上櫃指數股票型基金(ETF),00787B,元大10年IG醫療債,tpex,2024-12-30
上櫃指數股票型基金(ETF),00860B,群益1-5Y投資級債,tpex,2024-12-30
上櫃指數股票型基金(ETF),00790B,復華次順位金融債,tpex,2024-12-30
上櫃指數股票型基金(ETF),00789B,復華公司債A3,tpex,2024-12-30
上櫃指數股票型基金(ETF),00858,永豐美國500大,tpex,2024-12-30
上櫃指數股票型基金(ETF),00859B,群益0-1年美債,tpex,2024-12-30
上櫃指數股票型基金(ETF),00849B,中信EM主權債0-5,tpex,2024-12-30
上櫃指數股票型基金(ETF),00788B,元大10年IG電能債,tpex,2024-12-30
上櫃指數股票型基金(ETF),00840B,凱基IG精選15+,tpex,2024-12-30
上櫃指數股票型基金(ETF),00864B,中信美國公債0-1,tpex,2024-12-30
上櫃指數股票型基金(ETF),00842B,台新美元銀行債,tpex,2024-12-30
上櫃指數股票型基金(ETF),00844B,新光15年IG金融債,tpex,2024-12-30
上櫃指數股票型基金(ETF),00845B,富邦新興投等債,tpex,2024-12-30
上櫃指數股票型基金(ETF),00870B,元大15年EM主權債,tpex,2024-12-30
上櫃指數股票型基金(ETF),00877,復華中國5G,tpex,2024-12-30
上櫃指數股票型基金(ETF),00836B,永豐10年A公司債,tpex,2024-12-30
上櫃指數股票型基金(ETF),00834B,第一金金融債10+,tpex,2024-12-30
上櫃指數股票型基金(ETF),00846B,富邦歐洲銀行債,tpex,2024-12-30
上櫃指數股票型基金(ETF),00883B,中信ESG投資級債,tpex,2024-12-30
上櫃指數股票型基金(ETF),00799B,國泰A級醫療債,tpex,2024-12-30
上櫃指數股票型基金(ETF),00884B,中信低碳新興債,tpex,2024-12-30
上櫃指數股票型基金(ETF),00795B,中信美國公債20年,tpex,2024-12-30
上櫃指數股票型基金(ETF),00886,永豐美國科技,tpex,2024-12-30
上櫃指數股票型基金(ETF),00794B,群益7+中國政金債,tpex,2024-12-30
上櫃指數股票型基金(ETF),00887,永豐中國科技50大,tpex,2024-12-30
上櫃指數股票型基金(ETF),00888,永豐台灣ESG,tpex,2024-12-30
上櫃指數股票型基金(ETF),00793B,群益AAA-A醫療債,tpex,2024-12-30
上櫃指數股票型基金(ETF),00847B,中信美國市政債,tpex,2024-12-30
上櫃指數股票型基金(ETF),00867B,新光A-BBB電信債,tpex,2024-12-30
上櫃指數股票型基金(ETF),00890B,凱基ESG BBB債15+,tpex,2024-12-30
上櫃指數股票型基金(ETF),00792B,群益A級公司債,tpex,2024-12-30
上櫃指數股票型基金(ETF),00841B,凱基AAA-AA公司債,tpex,2024-12-30
上櫃指數股票型基金(ETF),00848B,中信新興亞洲債,tpex,2024-12-30
上櫃指數股票型基金(ETF),00791B,復華信用債1-5,tpex,2024-12-30
上櫃指數股票型基金(ETF),00786B,元大10年IG銀行債,tpex,2024-12-30
上櫃指數股票型基金(ETF),00773B,中信優先金融債,tpex,2024-12-30
上櫃指數股票型基金(ETF),00784B,富邦中國投等債,tpex,2024-12-30
上櫃指數股票型基金(ETF),00758B,復華能源債,tpex,2024-12-30
上櫃指數股票型基金(ETF),00969B,元大零息超長美債,tpex,2024-12-30
上櫃指數股票型基金(ETF),00756B,群益投等新興公債,tpex,2024-12-30
上櫃指數股票型基金(ETF),00695B,富邦美債7-10,tpex,2024-12-30
上櫃指數股票型基金(ETF),00970B,新光BBB投等債20+,tpex,2024-12-30
上櫃指數股票型基金(ETF),00755B,群益投資級公用債,tpex,2024-12-30
上櫃指數股票型基金(ETF),00696B,富邦美債20年,tpex,2024-12-30
上櫃指數股票型基金(ETF),00754B,群益AAA-AA公司債,tpex,2024-12-30
上櫃指數股票型基金(ETF),00751B,元大AAA至A公司債,tpex,2024-12-30
上櫃指數股票型基金(ETF),00697B,元大美債7-10,tpex,2024-12-30
上櫃指數股票型基金(ETF),00750B,凱基科技債10+,tpex,2024-12-30
上櫃指數股票型基金(ETF),00749B,凱基新興債10+,tpex,2024-12-30
上櫃指數股票型基金(ETF),00746B,富邦A級公司債,tpex,2024-12-30
上櫃指數股票型基金(ETF),00741B,富邦全球非投等債,tpex,2024-12-30
上櫃指數股票型基金(ETF),00740B,富邦全球投等債,tpex,2024-12-30
上櫃指數股票型基金(ETF),00734B,台新JPM新興債,tpex,2024-12-30
上櫃指數股票型基金(ETF),00727B,國泰優選非投等債,tpex,2024-12-30
上櫃指數股票型基金(ETF),00726B,國泰新興投等債,tpex,2024-12-30
上櫃指數股票型基金(ETF),00725B,國泰投資級公司債,tpex,2024-12-30
上櫃指數股票型基金(ETF),006201,元大富櫃50,tpex,2024-12-30
上櫃指數股票型基金(ETF),00724B,群益投資級金融債,tpex,2024-12-30
上櫃指數股票型基金(ETF),00723B,群益投資級科技債,tpex,2024-12-30
上櫃指數股票型基金(ETF),00722B,群益投資級電信債,tpex,2024-12-30
上櫃指數股票型基金(ETF),00720B,元大投資級公司債,tpex,2024-12-30
上櫃指數股票型基金(ETF),00719B,元大美債1-3,tpex,2024-12-30
上櫃指數股票型基金(ETF),00785B,富邦金融投等債,tpex,2024-12-30
上櫃指數股票型基金(ETF),00694B,富邦美債1-3,tpex,2024-12-30
上櫃指數股票型基金(ETF),00968B,元大優息投等債,tpex,2024-12-30
上櫃指數股票型基金(ETF),00967B,元大優息美債,tpex,2024-12-30
上櫃指數股票型基金(ETF),00782B,國泰A級公用債,tpex,2024-12-30
上櫃指數股票型基金(ETF),00781B,國泰A級科技債,tpex,2024-12-30
上櫃指數股票型基金(ETF),00780B,國泰A級金融債,tpex,2024-12-30
上櫃指數股票型基金(ETF),00779B,凱基美債25+,tpex,2024-12-30
上櫃指數股票型基金(ETF),00679B,元大美債20年,tpex,2024-12-30
上櫃指數股票型基金(ETF),00928,中信上櫃ESG 30,tpex,2024-12-30
上櫃指數股票型基金(ETF),00778B,凱基金融債20+,tpex,2024-12-30
上櫃指數股票型基金(ETF),00777B,凱基AAA至A公司債,tpex,2024-12-30
上櫃指數股票型基金(ETF),00931B,統一美債20年,tpex,2024-12-30
上櫃指數股票型基金(ETF),00933B,國泰10Y+金融債,tpex,2024-12-30
上櫃指數股票型基金(ETF),00937B,群益ESG投等債20+,tpex,2024-12-30
上櫃指數股票型基金(ETF),00856B,永豐1-3年美公債,tpex,2024-12-30
上櫃指數股票型基金(ETF),00772B,中信高評級公司債,tpex,2024-12-30
上櫃指數股票型基金(ETF),00759B,復華製藥債,tpex,2024-12-30
上櫃指數股票型基金(ETF),00942B,台新美A公司債20+,tpex,2024-12-30
上櫃指數股票型基金(ETF),00687B,國泰20年美債,tpex,2024-12-30
上櫃指數股票型基金(ETF),00768B,復華20年美債,tpex,2024-12-30
上櫃指數股票型基金(ETF),00948B,中信優息投資級債,tpex,2024-12-30
上櫃指數股票型基金(ETF),00950B,凱基A級公司債,tpex,2024-12-30
上櫃指數股票型基金(ETF),00955,中信日本商社,tpex,2024-12-30
上櫃指數股票型基金(ETF),00764B,群益25年美債,tpex,2024-12-30
上櫃指數股票型基金(ETF),00957B,兆豐US優選投等債,tpex,2024-12-30
上櫃指數股票型基金(ETF),00958B,永豐ESG銀行債15+,tpex,2024-12-30
上櫃指數股票型基金(ETF),00959B,大華投等美債15Y+,tpex,2024-12-30
上櫃指數股票型基金(ETF),00761B,國泰A級公司債,tpex,2024-12-30
上櫃指數股票型基金(ETF),00966B,統一ESG投等債15+,tpex,2024-12-30
上櫃指數股票型基金(ETF),00760B,復華新興企業債,tpex,2024-12-30
上櫃指數股票型基金(ETF),00718B,富邦中國政策債,tpex,2024-12-30
電子零組件業,3202,樺晟,tpex,2025-04-05
上櫃ETF,00790B,復華次順位金融債,tpex,2025-04-18
上櫃ETF,00784B,富邦中國投等債,tpex,2025-04-25
電子零組件業,6208,日揚,tpex,2025-06-01
其他,6240,松崗,tpex,2025-06-01
其他,4950,金耘國際,tpex,2025-06-01
通信網路業,5348,正能量智能,tpex,2025-06-01
半導體業,5314,世紀*,tpex,2025-06-01
電腦及週邊設備業,3521,鴻翊,tpex,2025-06-01
其他電子類,6187,萬潤,tpex,2025-06-01
其他電子類,8383,千附,tpex,2025-06-01
觀光餐旅,2724,藝舍-KY,tpex,2025-06-01
電機機械,6829,千附精密,tpex,2025-06-01
光電業,5443,均豪,tpex,2025-06-01
上櫃ETF,00718B,富邦中國政策債,tpex,2025-06-20
半導體業,6287,元隆,tpex,2025-06-25
電子零組件業,8291,尚茂,tpex,2025-08-22
上櫃ETF,00794B,群益7+中國政金債,tpex,2025-08-24
半導體業,4945,陞達科技,tpex,2025-09-04
生技醫療業,6747,亨泰光,tpex,2025-11-29
指數投資證券(ETN),020023,元大櫃買半導體N,tpex,2025-12-07
指數投資證券(ETN),02001B,統一美國政府債N,tpex,2025-12-27
電子零組件業,5227,立凱-KY,tpex,2026-01-25
電子通路業,6154,順發,tpex,2026-01-25
電子零組件業,5228,鈺鎧,tpex,2026-01-25
光電業,5230,雷笛克光學,tpex,2026-01-25
半導體業,5236,凌陽創新,tpex,2026-01-25
建材營造,5213,亞昕,tpex,2026-01-25
通信網路業,6470,宇智,tpex,2026-01-25
建材營造,5206,坤悅,tpex,2026-01-25
綠能環保類,5205,中茂,tpex,2026-01-25
生技醫療業,6469,大樹,tpex,2026-01-25
電子通路業,6474,華豫寧,tpex,2026-01-25
文化創意業,6482,弘煜科,tpex,2026-01-25
半導體業,6485,點序,tpex,2026-01-25
通信網路業,6486,互動,tpex,2026-01-25
其他,5209,新鼎,tpex,2026-01-25
通信網路業,6465,威潤,tpex,2026-01-25
光電業,5220,萬達光電,tpex,2026-01-25
資訊服務業,5212,凌網,tpex,2026-01-25
資訊服務業,5211,蒙恬,tpex,2026-01-25
生技醫療業,6461,益得,tpex,2026-01-25
半導體業,6462,神盾,tpex,2026-01-25
資訊服務業,5210,寶碩,tpex,2026-01-25
電腦及週邊設備業,5223,安力-KY,tpex,2026-01-25
電腦及週邊設備業,6441,廣錠,tpex,2026-01-25
半導體業,5302,太欣,tpex,2026-01-25
觀光餐旅,5301,寶得利,tpex,2026-01-25
半導體業,5299,杰力,tpex,2026-01-25
通信網路業,6417,韋僑,tpex,2026-01-25
電子零組件業,6418,詠昇,tpex,2026-01-25
光電業,6419,京晨科,tpex,2026-01-25
電腦及週邊設備業,5289,宜鼎,tpex,2026-01-25
電子零組件業,5291,邑昇,tpex,2026-01-25
數位雲端類,5287,數字,tpex,2026-01-25
電子零組件業,5309,系統電,tpex,2026-01-25
運動休閒類,5348,正能量智能,tpex,2026-01-25
半導體業,5347,世界,tpex,2026-01-25
其他,5345,馥鴻,tpex,2026-01-25
半導體業,5344,立衛,tpex,2026-01-25
電子零組件業,5340,建榮,tpex,2026-01-25
電子零組件業,5328,華容,tpex,2026-01-25
資訊服務業,5310,天剛,tpex,2026-01-25
建材營造,5324,士開,tpex,2026-01-25
光電業,5315,光聯,tpex,2026-01-25
其他,5314,世紀*,tpex,2026-01-25
生技醫療業,5312,寶島科,tpex,2026-01-25
數位雲端類,5321,美而快,tpex,2026-01-25
半導體業,6423,億而得,tpex,2026-01-25
電子零組件業,6432,今展科,tpex,2026-01-25
光電業,5251,天鉞電,tpex,2026-01-25
半導體業,6435,大中,tpex,2026-01-25
光電業,5245,智晶,tpex,2026-01-25
電機機械,6425,易發,tpex,2026-01-25
數位雲端類,5278,尚凡*,tpex,2026-01-25
其他,5276,達輝-KY,tpex,2026-01-25
文化創意業,5263,智崴,tpex,2026-01-25
半導體業,5274,信驊,tpex,2026-01-25
半導體業,5272,笙科,tpex,2026-01-25
半導體業,6488,環球晶,tpex,2026-01-25
鋼鐵工業,5009,榮剛,tpex,2026-01-25
文化創意業,4946,辣椒,tpex,2026-01-25
鋼鐵工業,4950,金耘國際,tpex,2026-01-25
電子零組件業,4939,亞電,tpex,2026-01-25
光電業,6556,勝品,tpex,2026-01-25
半導體業,4951,精拓科,tpex,2026-01-25
文化創意業,6542,隆中,tpex,2026-01-25
通信網路業,6546,正基,tpex,2026-01-25
生技醫療業,6547,高端疫苗,tpex,2026-01-25
半導體業,6548,長科*,tpex,2026-01-25
資訊服務業,4953,緯軟,tpex,2026-01-25
光電業,6560,欣普羅,tpex,2026-01-25
電腦及週邊設備業,6577,勁豐,tpex,2026-01-25
農業科技業,6578,達邦蛋白,tpex,2026-01-25
電腦及週邊設備業,4924,欣厚-KY,tpex,2026-01-25
半導體業,4923,力士,tpex,2026-01-25
生技醫療業,6574,霈方,tpex,2026-01-25
通信網路業,6561,是方,tpex,2026-01-25
半導體業,6568,宏觀,tpex,2026-01-25
生技醫療業,6569,醫揚,tpex,2026-01-25
電腦及週邊設備業,6570,維田,tpex,2026-01-25
光電業,4933,友輝,tpex,2026-01-25
電腦及週邊設備業,4931,新盛力,tpex,2026-01-25
生技醫療業,6576,逸達,tpex,2026-01-25
半導體業,6510,精測,tpex,2026-01-25
其他電子類,6512,啟發電,tpex,2026-01-25
化學工業,6509,聚和,tpex,2026-01-25
資訊服務業,6516,勤崴國際,tpex,2026-01-25
光電業,6517,保勝光學,tpex,2026-01-25
半導體業,4991,環宇-KY,tpex,2026-01-25
光電業,4995,晶達,tpex,2026-01-25
農業科技業,6508,惠光,tpex,2026-01-25
紡織纖維,6506,雙邦,tpex,2026-01-25
生技醫療業,6492,生華科,tpex,2026-01-25
半導體業,6494,九齊,tpex,2026-01-25
資訊服務業,5202,力新,tpex,2026-01-25
生技醫療業,6496,科懋,tpex,2026-01-25
資訊服務業,5201,凱衛,tpex,2026-01-25
鋼鐵工業,5016,松和,tpex,2026-01-25
鋼鐵工業,5015,華祺,tpex,2026-01-25
鋼鐵工業,5014,建錩,tpex,2026-01-25
光電業,6498,久禾光,tpex,2026-01-25
鋼鐵工業,5013,強新,tpex,2026-01-25
生技醫療業,6499,益安,tpex,2026-01-25
鋼鐵工業,5011,久陽,tpex,2026-01-25
電腦及週邊設備業,4987,科誠,tpex,2026-01-25
生技醫療業,6523,達爾膚,tpex,2026-01-25
半導體業,4966,譜瑞-KY,tpex,2026-01-25
生技醫療業,6535,順藥,tpex,2026-01-25
電子零組件業,6538,倉和,tpex,2026-01-25
半導體業,4971,IET-KY,tpex,2026-01-25
半導體業,6532,瑞耘,tpex,2026-01-25
通信網路業,4979,華星光,tpex,2026-01-25
生技醫療業,6527,明達醫,tpex,2026-01-25
電子零組件業,4974,亞泰,tpex,2026-01-25
通信網路業,6530,創威,tpex,2026-01-25
半導體業,4973,廣穎,tpex,2026-01-25
光電業,4972,湯石照明,tpex,2026-01-25
半導體業,5351,鈺創,tpex,2026-01-25
光電業,5392,能率,tpex,2026-01-25
通信網路業,5353,台林,tpex,2026-01-25
電子零組件業,6194,育富,tpex,2026-01-25
金融業,6023,元大期,tpex,2026-01-25
居家生活類,6195,詩肯,tpex,2026-01-25
金融業,6021,美好證,tpex,2026-01-25
金融業,6020,大展證,tpex,2026-01-25
金融業,6016,康和證,tpex,2026-01-25
金融業,6015,宏遠證,tpex,2026-01-25
金融業,6026,福邦證,tpex,2026-01-25
文化創意業,6111,大宇資,tpex,2026-01-25
建材營造,6186,新潤,tpex,2026-01-25
通信網路業,6109,亞元,tpex,2026-01-25
半導體業,6104,創惟,tpex,2026-01-25
半導體業,6103,合邦,tpex,2026-01-25
文化創意業,6101,寬魚國際,tpex,2026-01-25
電腦及週邊設備業,6188,廣明,tpex,2026-01-25
通信網路業,6190,萬泰科,tpex,2026-01-25
半導體業,6187,萬潤,tpex,2026-01-25
電子零組件業,6185,幃翔,tpex,2026-01-25
觀光餐旅,5905,南仁湖,tpex,2026-01-25
金融業,5864,致和證,tpex,2026-01-25
電子零組件業,6210,慶生,tpex,2026-01-25
建材營造,6212,理銘,tpex,2026-01-25
觀光餐旅,5704,老爺知,tpex,2026-01-25
觀光餐旅,5703,亞都,tpex,2026-01-25
半導體業,6208,日揚,tpex,2026-01-25
電子零組件業,6207,雷科,tpex,2026-01-25
居家生活類,5904,寶雅,tpex,2026-01-25
居家生活類,5903,全家,tpex,2026-01-25
其他,6199,天品,tpex,2026-01-25
建材營造,6198,瑞築,tpex,2026-01-25
居家生活類,5902,德記,tpex,2026-01-25
電子零組件業,6204,艾華,tpex,2026-01-25
金融業,5878,台名,tpex,2026-01-25
電子零組件業,6203,海韻電,tpex,2026-01-25
觀光餐旅,5701,劍湖山,tpex,2026-01-25
通信網路業,6143,振曜,tpex,2026-01-25
光電業,6167,久正,tpex,2026-01-25
文化創意業,6169,昱泉,tpex,2026-01-25
資訊服務業,6140,訊達,tpex,2026-01-25
半導體業,6138,茂達,tpex,2026-01-25
文化創意業,6144,得利影,tpex,2026-01-25
其他電子類,6146,耕興,tpex,2026-01-25
電子零組件業,6156,松上,tpex,2026-01-25
電子零組件業,6158,禾昌,tpex,2026-01-25
電腦及週邊設備業,6160,欣技,tpex,2026-01-25
電腦及週邊設備業,6161,捷波,tpex,2026-01-25
其他電子類,6151,晉倫,tpex,2026-01-25
電腦及週邊設備業,6150,撼訊,tpex,2026-01-25
資訊服務業,6148,驊宏資,tpex,2026-01-25
半導體業,6147,頎邦,tpex,2026-01-25
通信網路業,6163,華電網,tpex,2026-01-25
電子零組件業,6134,萬旭,tpex,2026-01-25
電子零組件業,6173,信昌電,tpex,2026-01-25
電子零組件業,6114,久威,tpex,2026-01-25
電子零組件業,6174,安碁,tpex,2026-01-25
電子零組件業,6175,立敦,tpex,2026-01-25
電子通路業,6113,亞矽,tpex,2026-01-25
其他,6179,亞通,tpex,2026-01-25
文化創意業,6180,橘子,tpex,2026-01-25
半導體業,6182,合晶,tpex,2026-01-25
建材營造,6171,大城地產,tpex,2026-01-25
通信網路業,6170,統振,tpex,2026-01-25
生技醫療業,6130,上亞科技,tpex,2026-01-25
半導體業,6129,普誠,tpex,2026-01-25
電子零組件業,6127,九豪,tpex,2026-01-25
電子零組件業,6126,信音,tpex,2026-01-25
光電業,6125,廣運,tpex,2026-01-25
資訊服務業,6123,上奇,tpex,2026-01-25
電機機械,6122,擎邦,tpex,2026-01-25
電腦及週邊設備業,6121,新普,tpex,2026-01-25
電子通路業,6118,建達,tpex,2026-01-25
電子零組件業,6124,業強,tpex,2026-01-25
半導體業,6411,晶焱,tpex,2026-01-25
航運業,5609,中菲行,tpex,2026-01-25
電子零組件業,6274,台燿,tpex,2026-01-25
半導體業,5468,凱鈺,tpex,2026-01-25
電腦及週邊設備業,5465,富驊,tpex,2026-01-25
電子零組件業,5464,霖宏,tpex,2026-01-25
電子零組件業,5460,同協,tpex,2026-01-25
電子零組件業,6275,元山,tpex,2026-01-25
電腦及週邊設備業,6276,安鈦克,tpex,2026-01-25
電子零組件業,5457,宣德,tpex,2026-01-25
建材營造,5455,昇益,tpex,2026-01-25
電子零組件業,6279,胡連,tpex,2026-01-25
其他電子類,5452,佶優,tpex,2026-01-25
文化創意業,5478,智冠,tpex,2026-01-25
電子零組件業,5475,德宏,tpex,2026-01-25
電子零組件業,6259,百徽,tpex,2026-01-25
半導體業,6261,久元,tpex,2026-01-25
電腦及週邊設備業,5474,聰泰,tpex,2026-01-25
通信網路業,6263,普萊德,tpex,2026-01-25
建材營造,6264,富裔,tpex,2026-01-25
其他,5450,南良,tpex,2026-01-25
電子通路業,6265,方土昶,tpex,2026-01-25
電子零組件業,6266,泰詠,tpex,2026-01-25
電子通路業,6270,倍微,tpex,2026-01-25
其他,5481,新華,tpex,2026-01-25
文化創意業,6294,智基,tpex,2026-01-25
電腦及週邊設備業,5386,青雲,tpex,2026-01-25
電子零組件業,5381,合正,tpex,2026-01-25
光電業,5371,中光電,tpex,2026-01-25
觀光餐旅,5364,力麗店,tpex,2026-01-25
電腦及週邊設備業,5356,協益,tpex,2026-01-25
電子零組件業,5355,佳總,tpex,2026-01-25
其他,5398,慕康生醫,tpex,2026-01-25
電子零組件業,6292,迅德,tpex,2026-01-25
半導體業,6291,沛亨,tpex,2026-01-25
電子零組件業,6290,良維,tpex,2026-01-25
半導體業,5443,均豪,tpex,2026-01-25
電子零組件業,5439,高技,tpex,2026-01-25
電子零組件業,6284,佳邦,tpex,2026-01-25
電腦及週邊設備業,5438,東友,tpex,2026-01-25
綠能環保類,5432,新門,tpex,2026-01-25
電腦及週邊設備業,5426,振發,tpex,2026-01-25
半導體業,5425,台半,tpex,2026-01-25
資訊服務業,5410,國眾,tpex,2026-01-25
資訊服務業,5403,中菲,tpex,2026-01-25
半導體業,5483,中美晶,tpex,2026-01-25
建材營造,5548,安倉,tpex,2026-01-25
電子通路業,6227,茂綸,tpex,2026-01-25
電腦及週邊設備業,6228,全譜,tpex,2026-01-25
半導體業,6229,研通,tpex,2026-01-25
建材營造,5543,桓鼎-KY,tpex,2026-01-25
其他電子類,5536,聖暉*,tpex,2026-01-25
資訊服務業,6231,系微,tpex,2026-01-25
其他,5604,中連,tpex,2026-01-25
電子零組件業,6217,中探針,tpex,2026-01-25
通信網路業,6218,豪勉,tpex,2026-01-25
半導體業,6233,旺玖,tpex,2026-01-25
建材營造,6219,富旺,tpex,2026-01-25
資訊服務業,6221,晉泰,tpex,2026-01-25
航運業,5603,陸海,tpex,2026-01-25
光電業,6222,立軒,tpex,2026-01-25
半導體業,6223,旺矽,tpex,2026-01-25
航運業,5601,台聯櫃,tpex,2026-01-25
電子零組件業,6220,岳豐,tpex,2026-01-25
其他,5530,龍巖,tpex,2026-01-25
建材營造,5529,鉅陞,tpex,2026-01-25
建材營造,5516,雙喜,tpex,2026-01-25
建材營造,5514,三豐,tpex,2026-01-25
鋼鐵工業,6248,沛波,tpex,2026-01-25
建材營造,5512,力麒,tpex,2026-01-25
建材營造,5511,德昌,tpex,2026-01-25
建材營造,5508,永信建,tpex,2026-01-25
電子零組件業,5498,凱崴,tpex,2026-01-25
其他電子類,5493,三聯,tpex,2026-01-25
電腦及週邊設備業,5490,同亨,tpex,2026-01-25
其他電子類,5489,彩富,tpex,2026-01-25
電子零組件業,5488,松普,tpex,2026-01-25
半導體業,5487,通泰,tpex,2026-01-25
光電業,6246,臺龍,tpex,2026-01-25
通信網路業,6245,立端,tpex,2026-01-25
光電業,6244,茂迪,tpex,2026-01-25
其他,6236,中湛,tpex,2026-01-25
半導體業,6237,驊訊,tpex,2026-01-25
建材營造,5523,豐謙,tpex,2026-01-25
光電業,6234,高僑,tpex,2026-01-25
資訊服務業,6240,松崗,tpex,2026-01-25
通信網路業,6241,易通展,tpex,2026-01-25
生技醫療業,6242,立康,tpex,2026-01-25
建材營造,5520,力泰,tpex,2026-01-25
電腦及週邊設備業,8050,廣積,tpex,2026-01-25
半導體業,8054,安國,tpex,2026-01-25
通信網路業,8059,凱碩,tpex,2026-01-25
光電業,8064,東捷,tpex,2026-01-25
居家生活類,8066,來思達,tpex,2026-01-25
電子通路業,8067,志旭,tpex,2026-01-25
電子通路業,8068,全達,tpex,2026-01-25
光電業,8069,元太,tpex,2026-01-25
光電業,8049,晶采,tpex,2026-01-25
電子零組件業,8074,鉅橡,tpex,2026-01-25
電腦及週邊設備業,8076,伍豐,tpex,2026-01-25
觀光餐旅,8077,洛碁,tpex,2026-01-25
建材營造,8080,泰霖,tpex,2026-01-25
電機機械,8083,瑞穎,tpex,2026-01-25
電子通路業,8084,巨虹,tpex,2026-01-25
電子零組件業,8071,能率網通,tpex,2026-01-25
通信網路業,8048,德勝,tpex,2026-01-25
半導體業,8024,佑華,tpex,2026-01-25
電機機械,8027,鈦昇,tpex,2026-01-25
電子通路業,8032,光菱,tpex,2026-01-25
其他電子類,8047,星雲,tpex,2026-01-25
電子零組件業,8038,長園科,tpex,2026-01-25
半導體業,8040,九暘,tpex,2026-01-25
電子零組件業,8042,金山電,tpex,2026-01-25
電子零組件業,8043,蜜望實,tpex,2026-01-25
數位雲端類,8044,網家,tpex,2026-01-25
通信網路業,8034,榮群,tpex,2026-01-25
半導體業,7751,竑騰,tpex,2026-01-25
光電業,7753,星亞,tpex,2026-01-25
觀光餐旅,7757,金色三麥,tpex,2026-01-25
資訊服務業,7767,仁大資訊,tpex,2026-01-25
半導體業,7770,君曜,tpex,2026-01-25
數位雲端類,7747,昕奇雲端,tpex,2026-01-25
電子零組件業,7744,崴寶,tpex,2026-01-25
觀光餐旅,7723,築間,tpex,2026-01-25
其他電子類,7728,光焱科技,tpex,2026-01-25
半導體業,7734,印能科技,tpex,2026-01-25
數位雲端類,7738,東聯互動,tpex,2026-01-25
食品工業,7743,金利食安,tpex,2026-01-25
其他電子類,8085,福華,tpex,2026-01-25
其他,7777,能率亞洲,tpex,2026-01-25
半導體業,7810,捷創科技,tpex,2026-01-25
居家生活類,7782,光速火箭,tpex,2026-01-25
數位雲端類,7805,威聯通,tpex,2026-01-25
鋼鐵工業,7718,友鋮,tpex,2026-01-25
半導體業,8086,宏捷科,tpex,2026-01-25
半導體業,8088,品安,tpex,2026-01-25
其他,8905,裕國,tpex,2026-01-25
其他,8906,花王,tpex,2026-01-25
油電燃氣業,8908,欣雄,tpex,2026-01-25
其他,8916,光隆,tpex,2026-01-25
油電燃氣業,8917,欣泰,tpex,2026-01-25
其他,8921,沈氏,tpex,2026-01-25
文化創意業,8923,時報,tpex,2026-01-25
運動休閒類,8924,大田,tpex,2026-01-25
油電燃氣業,8927,北基,tpex,2026-01-25
運動休閒類,8928,鉅明,tpex,2026-01-25
其他,8929,富堡,tpex,2026-01-25
鋼鐵工業,8930,青鋼,tpex,2026-01-25
油電燃氣業,8931,大汽電,tpex,2026-01-25
其他,8932,智通*,tpex,2026-01-25
運動休閒類,8933,愛地雅,tpex,2026-01-25
其他,8935,邦泰,tpex,2026-01-25
其他,8936,國統,tpex,2026-01-25
其他,8937,合騏,tpex,2026-01-25
其他,8489,三貝德,tpex,2026-01-25
綠能環保類,8440,綠電,tpex,2026-01-25
其他,8444,綠河-KY,tpex,2026-01-25
文化創意業,8446,華研,tpex,2026-01-25
文化創意業,8450,霹靂,tpex,2026-01-25
其他電子類,8455,大拓-KY,tpex,2026-01-25
運動休閒類,8938,明安,tpex,2026-01-25
數位雲端類,8472,夠麻吉,tpex,2026-01-25
數位雲端類,8477,創業家,tpex,2026-01-25
居家生活類,8941,關中,tpex,2026-01-25
其他,8942,森鉅,tpex,2026-01-25
文化創意業,9949,琉園,tpex,2026-01-25
塑膠工業,9950,萬國通,tpex,2026-01-25
電機機械,9951,皇田,tpex,2026-01-25
運動休閒類,9960,邁達康,tpex,2026-01-25
鋼鐵工業,9962,有益,tpex,2026-01-25
其他,8437,大地-KY,tpex,2026-01-25
生技醫療業,8436,大江,tpex,2026-01-25
其他,8435,鉅邁,tpex,2026-01-25
居家生活類,8433,弘帆,tpex,2026-01-25
電子零組件業,8121,越峰,tpex,2026-01-25
電子零組件業,8147,正淩,tpex,2026-01-25
電子零組件業,8155,博智,tpex,2026-01-25
綠能環保類,8171,天宇,tpex,2026-01-25
通信網路業,8176,智捷,tpex,2026-01-25
電子零組件業,8182,加高,tpex,2026-01-25
其他電子類,8183,精星,tpex,2026-01-25
通信網路業,8089,康全電訊,tpex,2026-01-25
半導體業,8091,翔名,tpex,2026-01-25
其他電子類,8092,建暐,tpex,2026-01-25
電子零組件業,8093,保銳,tpex,2026-01-25
電子通路業,8096,擎亞,tpex,2026-01-25
通信網路業,8097,常珵,tpex,2026-01-25
資訊服務業,8099,大世科,tpex,2026-01-25
半導體業,8102,傑霖科技,tpex,2026-01-25
電機機械,8107,大億金茂,tpex,2026-01-25
電子零組件業,8109,博大,tpex,2026-01-25
光電業,8111,立碁,tpex,2026-01-25
綠能環保類,8087,麗升能源,tpex,2026-01-25
電子零組件業,8358,金居,tpex,2026-01-25
半導體業,8383,千附,tpex,2026-01-25
綠能環保類,8390,金益鼎,tpex,2026-01-25
其他,8401,白紗科,tpex,2026-01-25
生技醫療業,8403,盛弘,tpex,2026-01-25
生技醫療業,8409,商之器,tpex,2026-01-25
其他,8354,冠好,tpex,2026-01-25
電腦及週邊設備業,8410,森田,tpex,2026-01-25
鋼鐵工業,8415,大國鋼,tpex,2026-01-25
資訊服務業,8416,實威,tpex,2026-01-25
其他,8421,旭源,tpex,2026-01-25
綠能環保類,8423,保綠-KY,tpex,2026-01-25
建材營造,8424,惠普,tpex,2026-01-25
其他,8426,紅木-KY,tpex,2026-01-25
其他電子類,8431,匯鑽科,tpex,2026-01-25
生技醫療業,8432,東生華,tpex,2026-01-25
鋼鐵工業,8349A,恒耀甲特,tpex,2026-01-25
半導體業,8227,巨有科技,tpex,2026-01-25
電腦及週邊設備業,8234,新漢,tpex,2026-01-25
光電業,8240,華宏,tpex,2026-01-25
電機機械,8255,朋程,tpex,2026-01-25
鋼鐵工業,8349,恒耀,tpex,2026-01-25
資訊服務業,8272,全景軟體,tpex,2026-01-25
半導體業,8277,商丞,tpex,2026-01-25
生技醫療業,8279,生展,tpex,2026-01-25
資訊服務業,8284,三竹,tpex,2026-01-25
電子零組件業,8289,泰藝,tpex,2026-01-25
半導體業,8299,群聯,tpex,2026-01-25
其他,8342,益張,tpex,2026-01-25
通信網路業,7717,萊德光電-KY,tpex,2026-01-25
航運業,7716,昱臺國際,tpex,2026-01-25
綠能環保類,7715,裕山,tpex,2026-01-25
資訊服務業,6751,智聯服務,tpex,2026-01-25
資訊服務業,6752,叡揚,tpex,2026-01-25
電子零組件業,6761,穩得,tpex,2026-01-25
生技醫療業,6762,達亞,tpex,2026-01-25
數位雲端類,6763,綠界科技*,tpex,2026-01-25
生技醫療業,6767,台微醫,tpex,2026-01-25
數位雲端類,6741,91APP*-KY,tpex,2026-01-25
其他電子類,6739,竹陞科技,tpex,2026-01-25
生技醫療業,6712,長聖,tpex,2026-01-25
半導體業,6716,應廣,tpex,2026-01-25
半導體業,6720,久昌,tpex,2026-01-25
其他,6721,信實,tpex,2026-01-25
電子零組件業,6727,亞泰金屬,tpex,2026-01-25
居家生活類,6728,上洋,tpex,2026-01-25
生技醫療業,6730,常廣,tpex,2026-01-25
半導體業,6732,昇佳電子,tpex,2026-01-25
生技醫療業,6733,博晟生醫,tpex,2026-01-25
其他電子類,6735,美達科技,tpex,2026-01-25
其他電子類,6725,矽科宏晟,tpex,2026-01-25
綠能環保類,6803,崑鼎,tpex,2026-01-25
運動休閒類,6804,明係,tpex,2026-01-25
數位雲端類,6811,宏碁資訊,tpex,2026-01-25
電子零組件業,6821,聯寶,tpex,2026-01-25
半導體業,6823,濾能,tpex,2026-01-25
生技醫療業,6785,昱展新藥,tpex,2026-01-25
半導體業,6788,華景電,tpex,2026-01-25
資訊服務業,6791,虎門科技,tpex,2026-01-25
半導體業,6708,天擎,tpex,2026-01-25
生技醫療業,6615,慧智,tpex,2026-01-25
居家生活類,6616,特昇-KY,tpex,2026-01-25
生技醫療業,6617,共信-KY,tpex,2026-01-25
生技醫療業,6620,漢達,tpex,2026-01-25
綠能環保類,6624,萬年清,tpex,2026-01-25
居家生活類,6629,泰金-KY,tpex,2026-01-25
半導體業,6640,均華,tpex,2026-01-25
電子零組件業,6642,富致,tpex,2026-01-25
半導體業,6643,M31,tpex,2026-01-25
生技醫療業,6637,醫影,tpex,2026-01-25
生技醫療業,6649,台生材,tpex,2026-01-25
其他電子類,6613,朋億*,tpex,2026-01-25
通信網路業,6588,東典光電,tpex,2026-01-25
資訊服務業,6590,普鴻,tpex,2026-01-25
生技醫療業,6612,奈米醫材,tpex,2026-01-25
資訊服務業,6593,台灣銘板,tpex,2026-01-25
文化創意業,6596,寬宏藝術,tpex,2026-01-25
電子零組件業,6597,立誠,tpex,2026-01-25
電機機械,6603,富強鑫,tpex,2026-01-25
電機機械,6609,瀧澤科,tpex,2026-01-25
半導體業,6829,千附精密,tpex,2026-01-25
半導體業,6679,鈺太,tpex,2026-01-25
電腦及週邊設備業,6680,鑫創電子,tpex,2026-01-25
半導體業,6683,雍智科技,tpex,2026-01-25
半導體業,6684,安格,tpex,2026-01-25
數位雲端類,6690,安碁資訊,tpex,2026-01-25
綠能環保類,6692,進能服,tpex,2026-01-25
資訊服務業,6697,東捷資訊,tpex,2026-01-25
生技醫療業,6703,軒郁,tpex,2026-01-25
半導體業,6693,廣閎科,tpex,2026-01-25
半導體業,6651,全宇昕,tpex,2026-01-25
其他電子類,6654,天正國際,tpex,2026-01-25
生技醫療業,6661,威健生技,tpex,2026-01-25
生技醫療業,6662,樂斯科,tpex,2026-01-25
電子零組件業,6664,群翊,tpex,2026-01-25
其他電子類,6667,信紘科,tpex,2026-01-25
觀光餐旅,6961,旅天下,tpex,2026-01-25
電子零組件業,6967,汎瑋材料,tpex,2026-01-25
居家生活類,6968,萬達寵物,tpex,2026-01-25
綠能環保類,6971,惠民實業,tpex,2026-01-25
電機機械,6982,大井泵浦,tpex,2026-01-25
半導體業,6953,家碩,tpex,2026-01-25
電機機械,7642,昶瑞機電,tpex,2026-01-25
其他電子類,7703,銳澤,tpex,2026-01-25
半導體業,7704,明遠精密,tpex,2026-01-25
觀光餐旅,7708,全家餐飲,tpex,2026-01-25
電機機械,7709,榮田,tpex,2026-01-25
半導體業,7712,博盛半導體,tpex,2026-01-25
生技醫療業,7713,威力德生醫,tpex,2026-01-25
數位雲端類,7714,創泓科技,tpex,2026-01-25
文化創意業,7584,樂意,tpex,2026-01-25
半導體業,6996,力領科技,tpex,2026-01-25
數位雲端類,6997,博弘,tpex,2026-01-25
光電業,7402,邑錡,tpex,2026-01-25
數位雲端類,7547,碩網,tpex,2026-01-25
半導體業,7556,意德士,tpex,2026-01-25
電子零組件業,6584,南俊國際,tpex,2026-01-25
光電業,6859,伯特光,tpex,2026-01-25
數位雲端類,6865,偉康科技,tpex,2026-01-25
數位雲端類,6870,騰雲,tpex,2026-01-25
生技醫療業,6872,浩宇生醫,tpex,2026-01-25
資訊服務業,6874,倍力,tpex,2026-01-25
生技醫療業,6875,國邑*,tpex,2026-01-25
其他電子類,6877,鏵友益,tpex,2026-01-25
其他,6881,潤德,tpex,2026-01-25
文化創意業,6856,鑫傳,tpex,2026-01-25
其他電子類,6855,數泓科,tpex,2026-01-25
其他電子類,6840,東研信超,tpex,2026-01-25
電機機械,6843,進典,tpex,2026-01-25
生技醫療業,6844,諾貝兒,tpex,2026-01-25
食品工業,6846,綠茵,tpex,2026-01-25
生技醫療業,6841,長佳智能,tpex,2026-01-25
資訊服務業,6884,海柏特,tpex,2026-01-25
電腦及週邊設備業,6922,宸曜,tpex,2026-01-25
數位雲端類,6925,意藍,tpex,2026-01-25
生技醫療業,6929,佑全,tpex,2026-01-25
電子零組件業,6913,鴻呈,tpex,2026-01-25
綠能環保類,6894,衛司特,tpex,2026-01-25
半導體業,6895,宏碩系統,tpex,2026-01-25
光電業,6899,創為精密,tpex,2026-01-25
其他電子類,6903,巨漢,tpex,2026-01-25
其他,6904,伯鑫,tpex,2026-01-25
數位雲端類,6910,德鴻,tpex,2026-01-25
生技醫療業,4911,德英,tpex,2026-01-25
食品工業,1796,金穎生技,tpex,2026-01-25
生技醫療業,1799,易威,tpex,2026-01-25
生技醫療業,1813,寶利徠,tpex,2026-01-25
電子零組件業,1815,富喬,tpex,2026-01-25
生技醫療業,1788,杏昌,tpex,2026-01-25
化學工業,1742,台蠟,tpex,2026-01-25
生技醫療業,1777,生泰,tpex,2026-01-25
生技醫療業,1781,合世,tpex,2026-01-25
生技醫療業,1784,訊聯,tpex,2026-01-25
其他電子類,1785,光洋科,tpex,2026-01-25
電機機械,2070,精湛,tpex,2026-01-25
鋼鐵工業,2073,雄順,tpex,2026-01-25
電機機械,2067,嘉鋼,tpex,2026-01-25
其他,2221,大甲,tpex,2026-01-25
電機機械,2066,世德,tpex,2026-01-25
鋼鐵工業,2065,世豐,tpex,2026-01-25
鋼鐵工業,2064,晉椿,tpex,2026-01-25
鋼鐵工業,2035,唐榮,tpex,2026-01-25
電器電纜,2061,風青,tpex,2026-01-25
鋼鐵工業,2063,世鎧,tpex,2026-01-25
生技醫療業,1565,精華,tpex,2026-01-25
電腦及週邊設備業,1569,濱川,tpex,2026-01-25
電機機械,1570,力肯,tpex,2026-01-25
其他,1584,精剛,tpex,2026-01-25
電機機械,1586,和勤,tpex,2026-01-25
電機機械,1591,駿吉-KY,tpex,2026-01-25
運動休閒類,1593,祺驊,tpex,2026-01-25
電機機械,1580,新麥,tpex,2026-01-25
電子零組件業,1595,川寶,tpex,2026-01-25
電機機械,1599,宏佳騰,tpex,2026-01-25
電機機械,2230,泰茂,tpex,2026-01-25
電機機械,2235,謚源,tpex,2026-01-25
上櫃ETF,00782B,國泰A級公用債,tpex,2026-01-25
上櫃ETF,00785B,富邦金融投等債,tpex,2026-01-25
上櫃ETF,00786B,元大10年IG銀行債,tpex,2026-01-25
上櫃ETF,00787B,元大10年IG醫療債,tpex,2026-01-25
上櫃ETF,00788B,元大10年IG電能債,tpex,2026-01-25
上櫃ETF,00789B,復華公司債A3,tpex,2026-01-25
上櫃ETF,00791B,復華信用債1-5,tpex,2026-01-25
上櫃ETF,00792B,群益A級公司債,tpex,2026-01-25
上櫃ETF,00793B,群益AAA-A醫療債,tpex,2026-01-25
上櫃ETF,00795B,中信美國公債20年,tpex,2026-01-25
上櫃ETF,00781B,國泰A級科技債,tpex,2026-01-25
上櫃ETF,00799B,國泰A級醫療債,tpex,2026-01-25
上櫃ETF,00834B,第一金金融債10+,tpex,2026-01-25
上櫃ETF,00836B,永豐10年A公司債,tpex,2026-01-25
上櫃ETF,00840B,凱基IG精選15+,tpex,2026-01-25
上櫃ETF,00841B,凱基AAA-AA公司債,tpex,2026-01-25
上櫃ETF,00842B,台新美元銀行債,tpex,2026-01-25
上櫃ETF,00844B,新光15年IG金融債,tpex,2026-01-25
上櫃ETF,00845B,富邦新興投等債,tpex,2026-01-25
上櫃ETF,00846B,富邦歐洲銀行債,tpex,2026-01-25
上櫃ETF,00847B,中信美國市政債,tpex,2026-01-25
上櫃ETF,00848B,中信新興亞洲債,tpex,2026-01-25
上櫃ETF,00849B,中信EM主權債0-5,tpex,2026-01-25
上櫃ETF,00780B,國泰A級金融債,tpex,2026-01-25
上櫃ETF,00778B,凱基金融債20+,tpex,2026-01-25
上櫃ETF,00746B,富邦A級公司債,tpex,2026-01-25
上櫃ETF,00749B,凱基新興債10+,tpex,2026-01-25
上櫃ETF,00750B,凱基科技債10+,tpex,2026-01-25
上櫃ETF,00751B,元大AAA至A公司債,tpex,2026-01-25
上櫃ETF,00754B,群益AAA-AA公司債,tpex,2026-01-25
上櫃ETF,00755B,群益投資級公用債,tpex,2026-01-25
上櫃ETF,00756B,群益投等新興公債,tpex,2026-01-25
上櫃ETF,00758B,復華能源債,tpex,2026-01-25
上櫃ETF,00779B,凱基美債25+,tpex,2026-01-25
上櫃ETF,00759B,復華製藥債,tpex,2026-01-25
上櫃ETF,00761B,國泰A級公司債,tpex,2026-01-25
上櫃ETF,00764B,群益25年美債,tpex,2026-01-25
上櫃ETF,00768B,復華20年美債,tpex,2026-01-25
上櫃ETF,00772B,中信高評級公司債,tpex,2026-01-25
上櫃ETF,00773B,中信優先金融債,tpex,2026-01-25
上櫃ETF,00777B,凱基AAA至A公司債,tpex,2026-01-25
上櫃ETF,00760B,復華新興企業債,tpex,2026-01-25
上櫃ETF,00853B,統一美債10年Aa-A,tpex,2026-01-25
上櫃ETF,00856B,永豐1-3年美公債,tpex,2026-01-25
上櫃ETF,00857B,永豐20年美公債,tpex,2026-01-25
上櫃ETF,00858,永豐美國500大,tpex,2026-01-25
上櫃ETF,00859B,群益0-1年美債,tpex,2026-01-25
上櫃ETF,00860B,群益1-5Y投資級債,tpex,2026-01-25
上櫃ETF,00862B,中信投資級公司債,tpex,2026-01-25
上櫃ETF,00863B,中信全球電信債,tpex,2026-01-25
上櫃ETF,00864B,中信美國公債0-1,tpex,2026-01-25
上櫃ETF,00867B,新光A-BBB電信債,tpex,2026-01-25
上櫃ETF,00870B,元大15年EM主權債,tpex,2026-01-25
上櫃ETF,00877,復華中國5G,tpex,2026-01-25
上櫃ETF,00883B,中信ESG投資級債,tpex,2026-01-25
上櫃ETF,00884B,中信低碳新興債,tpex,2026-01-25
上櫃ETF,00886,永豐美國科技,tpex,2026-01-25
上櫃ETF,00887,永豐中國科技50大,tpex,2026-01-25
上櫃ETF,00888,永豐台灣ESG,tpex,2026-01-25
上櫃ETF,00890B,凱基ESG BBB債15+,tpex,2026-01-25
上櫃ETF,00741B,富邦全球非投等債,tpex,2026-01-25
上櫃ETF,00740B,富邦全球投等債,tpex,2026-01-25
上櫃ETF,006201,元大富櫃50,tpex,2026-01-25
上櫃ETF,00719B,元大美債1-3,tpex,2026-01-25
上櫃ETF,00720B,元大投資級公司債,tpex,2026-01-25
上櫃ETF,00722B,群益投資級電信債,tpex,2026-01-25
上櫃ETF,00723B,群益投資級科技債,tpex,2026-01-25
上櫃ETF,00725B,國泰投資級公司債,tpex,2026-01-25
上櫃ETF,00726B,國泰新興投等債,tpex,2026-01-25
上櫃ETF,00727B,國泰優選非投等債,tpex,2026-01-25
上櫃ETF,00734B,台新JPM新興債,tpex,2026-01-25
上櫃ETF,00724B,群益投資級金融債,tpex,2026-01-25
上櫃ETF,00679B,元大美債20年,tpex,2026-01-25
上櫃ETF,00687B,國泰20年美債,tpex,2026-01-25
上櫃ETF,00687C,國泰20年美債+櫃U,tpex,2026-01-25
上櫃ETF,00694B,富邦美債1-3,tpex,2026-01-25
上櫃ETF,00695B,富邦美債7-10,tpex,2026-01-25
上櫃ETF,00696B,富邦美債20年,tpex,2026-01-25
上櫃ETF,00697B,元大美債7-10,tpex,2026-01-25
觀光餐旅,1259,安心,tpex,2026-01-25
食品工業,1264,德麥,tpex,2026-01-25
觀光餐旅,1268,漢來美食,tpex,2026-01-25
食品工業,1294,漢田生技,tpex,2026-01-25
食品工業,1295,生合,tpex,2026-01-25
農業科技業,1240,茂生農經,tpex,2026-01-25
指數投資證券(ETN),020041,兆豐半導體氣候N,tpex,2026-01-25
指數投資證券(ETN),020040,元大上櫃ESG龍頭N,tpex,2026-01-25
電子零組件業,1336,台翰,tpex,2026-01-25
上櫃ETF,00955,中信日本商社,tpex,2026-01-25
上櫃ETF,00957B,兆豐US優選投等債,tpex,2026-01-25
上櫃ETF,00958B,永豐ESG銀行債15+,tpex,2026-01-25
上櫃ETF,00959B,大華投等美債15Y+,tpex,2026-01-25
上櫃ETF,00966B,統一ESG投等債15+,tpex,2026-01-25
上櫃ETF,00968B,元大優息投等債,tpex,2026-01-25
上櫃ETF,00969B,元大零息超長美債,tpex,2026-01-25
上櫃ETF,00970B,新光BBB投等債20+,tpex,2026-01-25
上櫃ETF,00967B,元大優息美債,tpex,2026-01-25
上櫃ETF,00928,中信上櫃ESG 30,tpex,2026-01-25
上櫃ETF,00931B,統一美債20年,tpex,2026-01-25
上櫃ETF,00933B,國泰10Y+金融債,tpex,2026-01-25
上櫃ETF,00937B,群益ESG投等債20+,tpex,2026-01-25
上櫃ETF,00942B,台新美A公司債20+,tpex,2026-01-25
上櫃ETF,00948B,中信優息投資級債,tpex,2026-01-25
上櫃ETF,00950B,凱基A級公司債,tpex,2026-01-25
上櫃ETF,009806,台新標普500,tpex,2026-01-25
上櫃ETF,009807,台新標普科技精選,tpex,2026-01-25
指數投資證券(ETN),020001,富邦存股雙十N,tpex,2026-01-25
指數投資證券(ETN),020025,統一亞洲半導體N,tpex,2026-01-25
指數投資證券(ETN),020027,元大上櫃ESG成長N,tpex,2026-01-25
指數投資證券(ETN),020033,統一恒生科期N,tpex,2026-01-25
指數投資證券(ETN),020035,元大上櫃ESG高息N,tpex,2026-01-25
上櫃ETF,00987B,野村10+澳洲公債,tpex,2026-01-25
上櫃ETF,00986B,FT金融債10+,tpex,2026-01-25
上櫃ETF,00980B,台新特選IG債10+,tpex,2026-01-25
上櫃ETF,00980D,主動聯博投等入息,tpex,2026-01-25
上櫃ETF,00980T,平衡凱基美國TOP,tpex,2026-01-25
上櫃ETF,009814,富邦標普500,tpex,2026-01-25
上櫃ETF,00981B,第一金優選非投債,tpex,2026-01-25
上櫃ETF,00981D,主動中信非投等債,tpex,2026-01-25
上櫃ETF,00982B,FT投資級債20+,tpex,2026-01-25
上櫃ETF,00983B,大華優利美公債20,tpex,2026-01-25
上櫃ETF,00984B,大華優利美A債15,tpex,2026-01-25
電子零組件業,3609,三一東林,tpex,2026-01-25
電腦及週邊設備業,3611,鼎翰,tpex,2026-01-25
光電業,3615,安可,tpex,2026-01-25
光電業,3623,富晶通,tpex,2026-01-25
電腦及週邊設備業,3625,西勝,tpex,2026-01-25
其他電子類,3628,盈正,tpex,2026-01-25
文化創意業,3629,地心引力,tpex,2026-01-25
光電業,3630,新鉅科,tpex,2026-01-25
電子零組件業,3631,晟楠,tpex,2026-01-25
通信網路業,3632,研勤,tpex,2026-01-25
電子零組件業,3646,艾恩特,tpex,2026-01-25
電子零組件業,3624,光頡,tpex,2026-01-25
通信網路業,3564,其陽,tpex,2026-01-25
半導體業,3567,逸昌,tpex,2026-01-25
資訊服務業,3570,大塚,tpex,2026-01-25
電腦及週邊設備業,3577,泓格,tpex,2026-01-25
其他電子類,3580,友威科,tpex,2026-01-25
半導體業,3581,博磊,tpex,2026-01-25
電子零組件業,3597,映興,tpex,2026-01-25
電腦及週邊設備業,3594,磐儀,tpex,2026-01-25
其他電子類,3587,閎康,tpex,2026-01-25
半導體業,3707,漢磊,tpex,2026-01-25
電腦及週邊設備業,3709,鑫聯大投控,tpex,2026-01-25
綠能環保類,3713,新晶投控,tpex,2026-01-25
電子零組件業,3710,連展投控,tpex,2026-01-25
其他電子類,3663,鑫科,tpex,2026-01-25
通信網路業,3664,安瑞-KY,tpex,2026-01-25
光電業,3666,光耀,tpex,2026-01-25
通信網路業,3672,康聯訊,tpex,2026-01-25
半導體業,3675,德微,tpex,2026-01-25
半導體業,3680,家登,tpex,2026-01-25
通信網路業,3684,榮昌,tpex,2026-01-25
電機機械,3685,元創精密,tpex,2026-01-25
數位雲端類,3687,歐買尬,tpex,2026-01-25
電子零組件業,3689,湧德,tpex,2026-01-25
光電業,3691,碩禾,tpex,2026-01-25
電腦及週邊設備業,3693,營邦,tpex,2026-01-25
通信網路業,3558,神準,tpex,2026-01-25
半導體業,3556,禾瑞亞,tpex,2026-01-25
電機機械,3426,台興,tpex,2026-01-25
化學工業,3430,奇鈦科,tpex,2026-01-25
光電業,3434,哲固,tpex,2026-01-25
半導體業,3438,類比科,tpex,2026-01-25
光電業,3441,聯一光,tpex,2026-01-25
電子通路業,3444,利機,tpex,2026-01-25
光電業,3455,由田,tpex,2026-01-25
其他電子類,3465,進泰電子,tpex,2026-01-25
通信網路業,3466,德晉,tpex,2026-01-25
半導體業,3467,台灣精材,tpex,2026-01-25
電腦及週邊設備業,3479,安勤,tpex,2026-01-25
光電業,3339,泰谷,tpex,2026-01-25
電腦及週邊設備業,3349,寶德,tpex,2026-01-25
電子零組件業,3354,律勝,tpex,2026-01-25
電子零組件業,3357,臺慶科,tpex,2026-01-25
電子通路業,3360,尚立,tpex,2026-01-25
光電業,3362,先進光,tpex,2026-01-25
通信網路業,3363,上詮,tpex,2026-01-25
半導體業,3372,典範,tpex,2026-01-25
其他電子類,3373,熱映,tpex,2026-01-25
半導體業,3374,精材,tpex,2026-01-25
電機機械,3379,彬台,tpex,2026-01-25
電子零組件業,3388,崇越電,tpex,2026-01-25
電子零組件業,3390,旭軟,tpex,2026-01-25
其他電子類,3402,漢科,tpex,2026-01-25
電子零組件業,3484,崧騰,tpex,2026-01-25
半導體業,3529,力旺,tpex,2026-01-25
光電業,3531,先益,tpex,2026-01-25
電子零組件業,3537,堡達,tpex,2026-01-25
電腦及週邊設備業,3540,曜越,tpex,2026-01-25
文化創意業,3546,宇峻,tpex,2026-01-25
電子零組件業,3548,兆利,tpex,2026-01-25
綠能環保類,3551,世禾,tpex,2026-01-25
其他電子類,3552,同致,tpex,2026-01-25
半導體業,3555,博士旺,tpex,2026-01-25
其他電子類,3541,西柏,tpex,2026-01-25
半導體業,3527,聚積,tpex,2026-01-25
電子零組件業,3526,凡甲,tpex,2026-01-25
建材營造,3489,森寶,tpex,2026-01-25
光電業,3490,單井,tpex,2026-01-25
通信網路業,3491,昇達科,tpex,2026-01-25
電子零組件業,3492,長盛,tpex,2026-01-25
其他電子類,3498,陽程,tpex,2026-01-25
通信網路業,3499,環天科,tpex,2026-01-25
其他電子類,3508,位速,tpex,2026-01-25
電子零組件業,3511,矽瑪,tpex,2026-01-25
建材營造,3512,皇龍,tpex,2026-01-25
光電業,3516,亞帝歐,tpex,2026-01-25
電子零組件業,3520,華盈,tpex,2026-01-25
建材營造,3521,鴻翊,tpex,2026-01-25
觀光餐旅,3522,御嵿,tpex,2026-01-25
光電業,3523,迎輝,tpex,2026-01-25
電腦及週邊設備業,3483,力致,tpex,2026-01-25
生技醫療業,4102,永日,tpex,2026-01-25
其他電子類,4577,達航科技,tpex,2026-01-25
電機機械,4580,捷流閥業,tpex,2026-01-25
電機機械,4584,君帆,tpex,2026-01-25
居家生活類,4609,唐鋒,tpex,2026-01-25
居家生活類,4702,中美實,tpex,2026-01-25
化學工業,4706,大恭,tpex,2026-01-25
化學工業,4707,磐亞,tpex,2026-01-25
化學工業,4711,永純,tpex,2026-01-25
化學工業,4714,永捷,tpex,2026-01-25
化學工業,4716,大立,tpex,2026-01-25
電機機械,4568,科際精密,tpex,2026-01-25
電子零組件業,4542,科嶠,tpex,2026-01-25
電機機械,4543,萬在,tpex,2026-01-25
電機機械,4549,桓達,tpex,2026-01-25
電機機械,4550,長佳,tpex,2026-01-25
其他電子類,4554,橙的,tpex,2026-01-25
其他,4556,旭然,tpex,2026-01-25
電機機械,4558,寶緯,tpex,2026-01-25
電機機械,4561,健椿,tpex,2026-01-25
電機機械,4563,百德,tpex,2026-01-25
化學工業,4721,美琪瑪,tpex,2026-01-25
化學工業,4767,誠泰科技,tpex,2026-01-25
化學工業,4768,晶呈科技,tpex,2026-01-25
化學工業,4772,台特化,tpex,2026-01-25
文化創意業,4806,桂田文創,tpex,2026-01-25
通信網路業,4903,聯光通,tpex,2026-01-25
通信網路業,4905,台聯電,tpex,2026-01-25
建材營造,4907,富宇,tpex,2026-01-25
通信網路業,4908,前鼎,tpex,2026-01-25
通信網路業,4909,新復興,tpex,2026-01-25
觀光餐旅,4804,大略-KY,tpex,2026-01-25
其他電子類,4760,勤凱,tpex,2026-01-25
生技醫療業,4726,永昕,tpex,2026-01-25
生技醫療業,4728,雙美,tpex,2026-01-25
光電業,4729,熒茂,tpex,2026-01-25
生技醫療業,4735,豪展,tpex,2026-01-25
化學工業,4741,泓瀚,tpex,2026-01-25
生技醫療業,4743,合一,tpex,2026-01-25
生技醫療業,4744,皇將,tpex,2026-01-25
生技醫療業,4745,合富-KY,tpex,2026-01-25
生技醫療業,4747,強生,tpex,2026-01-25
半導體業,4749,新應材,tpex,2026-01-25
化學工業,4754,國碳科,tpex,2026-01-25
其他,4541,晟田,tpex,2026-01-25
電機機械,4538,大詠城,tpex,2026-01-25
生技醫療業,4138,曜亞,tpex,2026-01-25
生技醫療業,4139,馬光-KY,tpex,2026-01-25
生技醫療業,4147,中裕,tpex,2026-01-25
生技醫療業,4153,鈺緯,tpex,2026-01-25
其他,4154,樂威科-KY,tpex,2026-01-25
生技醫療業,4160,訊聯基因,tpex,2026-01-25
生技醫療業,4161,聿新科,tpex,2026-01-25
生技醫療業,4162,智擎,tpex,2026-01-25
生技醫療業,4163,鐿鈦,tpex,2026-01-25
生技醫療業,4166,友霖,tpex,2026-01-25
生技醫療業,4167,松瑞藥,tpex,2026-01-25
生技醫療業,4168,醣聯,tpex,2026-01-25
生技醫療業,4157,太景*-KY,tpex,2026-01-25
生技醫療業,4105,東洋,tpex,2026-01-25
生技醫療業,4107,邦特,tpex,2026-01-25
生技醫療業,4109,加捷生醫,tpex,2026-01-25
生技醫療業,4111,濟生,tpex,2026-01-25
建材營造,4113,聯上,tpex,2026-01-25
生技醫療業,4114,健喬,tpex,2026-01-25
生技醫療業,4116,明基醫,tpex,2026-01-25
生技醫療業,4120,友華,tpex,2026-01-25
生技醫療業,4121,優盛,tpex,2026-01-25
生技醫療業,4123,晟德,tpex,2026-01-25
生技醫療業,4126,太醫,tpex,2026-01-25
生技醫療業,4127,天良,tpex,2026-01-25
生技醫療業,4128,中天,tpex,2026-01-25
生技醫療業,4129,聯合,tpex,2026-01-25
生技醫療業,4130,健亞,tpex,2026-01-25
生技醫療業,4131,浩泰,tpex,2026-01-25
農業科技業,4171,瑞基,tpex,2026-01-25
生技醫療業,4174,浩鼎,tpex,2026-01-25
紡織纖維,4432,銘旺實,tpex,2026-01-25
紡織纖維,4433,興采,tpex,2026-01-25
紡織纖維,4442,竣邦-KY,tpex,2026-01-25
電機機械,4502,健信,tpex,2026-01-25
電機機械,4503,金雨,tpex,2026-01-25
電機機械,4506,崇友,tpex,2026-01-25
其他,4430,耀億,tpex,2026-01-25
電機機械,4510,高鋒,tpex,2026-01-25
電機機械,4523,永彰,tpex,2026-01-25
電機機械,4527,方土霖,tpex,2026-01-25
電機機械,4528,江興鍛,tpex,2026-01-25
其他,4529,淳紳,tpex,2026-01-25
觀光餐旅,4530,宏易,tpex,2026-01-25
電機機械,4533,協易機,tpex,2026-01-25
電機機械,4534,慶騰,tpex,2026-01-25
電機機械,4535,至興,tpex,2026-01-25
電機機械,4513,福裕,tpex,2026-01-25
紡織纖維,4420,光明,tpex,2026-01-25
觀光餐旅,4419,皇家美食,tpex,2026-01-25
生技醫療業,4175,杏一,tpex,2026-01-25
生技醫療業,4183,福永生技,tpex,2026-01-25
生技醫療業,4188,安克,tpex,2026-01-25
生技醫療業,4192,杏國,tpex,2026-01-25
生技醫療業,4198,欣大健康,tpex,2026-01-25
食品工業,4205,中華食,tpex,2026-01-25
食品工業,4207,環泰,tpex,2026-01-25
塑膠工業,4303,信立,tpex,2026-01-25
塑膠工業,4304,勝昱,tpex,2026-01-25
塑膠工業,4305,世坤,tpex,2026-01-25
紡織纖維,4401,東隆興,tpex,2026-01-25
紡織纖維,4402,郡都開發,tpex,2026-01-25
紡織纖維,4406,新昕纖,tpex,2026-01-25
紡織纖維,4413,飛寶企業,tpex,2026-01-25
建材營造,4416,三圓,tpex,2026-01-25
紡織纖維,4417,金洲,tpex,2026-01-25
生技醫療業,4173,久裕,tpex,2026-01-25
電腦及週邊設備業,3325,旭品,tpex,2026-01-25
觀光餐旅,2751,王座,tpex,2026-01-25
觀光餐旅,2752,豆府,tpex,2026-01-25
觀光餐旅,2754,亞洲藏壽司,tpex,2026-01-25
觀光餐旅,2755,揚秦,tpex,2026-01-25
觀光餐旅,2756,聯發國際,tpex,2026-01-25
觀光餐旅,2745,五福,tpex,2026-01-25
觀光餐旅,2743,山富,tpex,2026-01-25
觀光餐旅,2740,天蔥,tpex,2026-01-25
建材營造,2718,全心投控,tpex,2026-01-25
觀光餐旅,2719,燦星旅,tpex,2026-01-25
其他,2724,藝舍-KY,tpex,2026-01-25
觀光餐旅,2726,雅茗-KY,tpex,2026-01-25
觀光餐旅,2729,瓦城,tpex,2026-01-25
觀光餐旅,2732,六角,tpex,2026-01-25
觀光餐旅,2734,易飛網,tpex,2026-01-25
觀光餐旅,2736,富野,tpex,2026-01-25
電子零組件業,3332,幸康,tpex,2026-01-25
文化創意業,2926,誠品生活,tpex,2026-01-25
居家生活類,2937,集雅社,tpex,2026-01-25
居家生活類,2941,米斯特,tpex,2026-01-25
居家生活類,2947,振宇五金,tpex,2026-01-25
居家生活類,2948,寶陞,tpex,2026-01-25
居家生活類,2924,宏太-KY,tpex,2026-01-25
航運業,2643,捷迅,tpex,2026-01-25
航運業,2641,正德,tpex,2026-01-25
數位雲端類,2640,大車隊,tpex,2026-01-25
數位雲端類,2949,欣新網,tpex,2026-01-25
建材營造,2596,綠意,tpex,2026-01-25
居家生活類,2916,滿心,tpex,2026-01-25
通信網路業,3152,璟德,tpex,2026-01-25
資訊服務業,3158,嘉實,tpex,2026-01-25
電機機械,3162,精確,tpex,2026-01-25
通信網路業,3163,波若威,tpex,2026-01-25
半導體業,3169,亞信,tpex,2026-01-25
居家生活類,3171,炎洲流通,tpex,2026-01-25
生技醫療業,3176,基亞,tpex,2026-01-25
建材營造,3188,鑫龍騰,tpex,2026-01-25
電子零組件業,3191,雲嘉南,tpex,2026-01-25
生技醫療業,3205,佰研,tpex,2026-01-25
電子零組件業,3206,志豐,tpex,2026-01-25
電子零組件業,3207,耀勝,tpex,2026-01-25
電腦及週邊設備業,3211,順達,tpex,2026-01-25
半導體業,3178,公準,tpex,2026-01-25
其他電子類,3093,港建*,tpex,2026-01-25
通信網路業,3095,及成,tpex,2026-01-25
半導體業,3105,穩懋,tpex,2026-01-25
電子零組件業,3114,好德,tpex,2026-01-25
電子零組件業,3115,富榮綱,tpex,2026-01-25
半導體業,3122,笙泉,tpex,2026-01-25
光電業,3128,昇銳,tpex,2026-01-25
其他電子類,3131,弘塑,tpex,2026-01-25
半導體業,3141,晶宏,tpex,2026-01-25
資訊服務業,3147,大綜,tpex,2026-01-25
電腦及週邊設備業,3213,茂訊,tpex,2026-01-25
電腦及週邊設備業,3088,艾訊,tpex,2026-01-25
電子零組件業,3217,優群,tpex,2026-01-25
其他電子類,3219,倚強科,tpex,2026-01-25
電子零組件業,3290,東浦,tpex,2026-01-25
文化創意業,3293,鈊象,tpex,2026-01-25
電子零組件業,3294,英濟,tpex,2026-01-25
光電業,3297,杭特,tpex,2026-01-25
其他電子類,3303,岱稜,tpex,2026-01-25
通信網路業,3306,鼎天,tpex,2026-01-25
其他電子類,3289,宜特,tpex,2026-01-25
其他,3313,斐成,tpex,2026-01-25
半導體業,3317,尼克森,tpex,2026-01-25
電子零組件業,3322,建舜電,tpex,2026-01-25
電腦及週邊設備業,3323,加百裕,tpex,2026-01-25
其他電子類,3324,雙鴻,tpex,2026-01-25
電子零組件業,3310,佳穎,tpex,2026-01-25
電子零組件業,3288,點晶,tpex,2026-01-25
電腦及週邊設備業,3287,廣寰科,tpex,2026-01-25
其他電子類,3285,微端,tpex,2026-01-25
通信網路業,3221,台嘉碩,tpex,2026-01-25
電子通路業,3224,三顧,tpex,2026-01-25
電機機械,3226,龍鋒,tpex,2026-01-25
半導體業,3227,原相,tpex,2026-01-25
半導體業,3228,金麗科,tpex,2026-01-25
光電業,3230,錦明,tpex,2026-01-25
電子通路業,3232,昱捷,tpex,2026-01-25
通信網路業,3234,光環,tpex,2026-01-25
電子零組件業,3236,千如,tpex,2026-01-25
觀光餐旅,3252,海灣,tpex,2026-01-25
半導體業,3259,鑫創,tpex,2026-01-25
半導體業,3260,威剛,tpex,2026-01-25
半導體業,3264,欣銓,tpex,2026-01-25
半導體業,3265,台星科,tpex,2026-01-25
半導體業,3268,海德威,tpex,2026-01-25
電腦及週邊設備業,3272,東碩,tpex,2026-01-25
電子零組件業,3276,宇環,tpex,2026-01-25
其他,3284,太普高,tpex,2026-01-25
生技醫療業,3218,大學光,tpex,2026-01-25
文化創意業,3086,華義,tpex,2026-01-25
生技醫療業,3118,進階,tpex,2026-01-25
文化創意業,3083,網龍,tpex,2026-01-25
數位雲端類,3085,新零售,tpex,2026-01-25
文化創意業,3064,泰偉,tpex,2026-01-25
光電業,3066,李洲,tpex,2026-01-25
其他電子類,3067,全域,tpex,2026-01-25
電腦及週邊設備業,3071,協禧,tpex,2026-01-25
綠能環保類,3073,天方能源,tpex,2026-01-25
電子零組件業,3078,僑威,tpex,2026-01-25
通信網路業,3081,聯亞,tpex,2026-01-25
大盤,TPEx,櫃買指數,tpex,None
